Name;IDDocument;PostalCode;Email;MothersName;Company;Phone;BrithDate;Salary
Deirdre;16171114-2123;76548-713;Nunc@liberoProin.net;Michelle;Nec PC;(186) 408-0027;21.05.2016;$043.01
Damian;16240322-9855;57820-856;at@metusAliquam.net;Amity;Mauris Nulla Integer Company;(658) 950-3898;03.03.2014;$442.45
Caryn;16630925-5716;38128-888;sociis.natoque.penatibus@natoquepenatibus.edu;Miriam;Feugiat Metus LLC;(710) 559-3460;14.07.1968;$070.49
Otto;16880803-8908;12042-789;nec.tempus.scelerisque@cursuset.org;Samantha;Natoque Foundation;(758) 997-7151;09.12.1950;$239.20
Upton;16380316-7489;26302-014;Proin.vel.nisl@congueturpis.com;Jaden;Enim Etiam Imperdiet Industries;(119) 834-1036;16.09.1935;$180.34
Raja;16340107-0093;46212-302;magna.sed.dui@maurisInteger.ca;Joan;Vivamus Euismod Urna Industries;(331) 953-4166;03.11.1988;$981.77
Wing;16430815-6811;32782-463;molestie.tortor@faucibusidlibero.ca;Buffy;Commodo Industries;(827) 275-2362;29.06.1927;$938.34
Quyn;16311021-8405;55628-457;Duis.gravida@erateget.edu;Maris;Mauris Sit Foundation;(564) 644-2124;25.01.1971;$258.96
Michelle;16380322-0692;96149-642;ipsum.dolor.sit@atvelit.com;Madeline;Interdum PC;(870) 507-3329;11.03.1963;$659.86
Tatiana;16641202-7002;54385-594;aliquam@laoreetlectusquis.ca;Michelle;Sociis Industries;(463) 778-8090;27.05.2001;$641.52
Inga;16930205-7709;41482-779;eu.eleifend@quisaccumsanconvallis.net;Virginia;Dolor Sit Company;(378) 209-7762;08.12.1941;$556.11
Patricia;16661022-9723;09439-710;ante.dictum@rhoncusDonec.org;Tatyana;Nullam Suscipit Est Foundation;(257) 967-4276;05.04.1990;$530.82
Jarrod;16840317-9461;87892-732;lacus.Aliquam.rutrum@nibhvulputate.co.uk;Deanna;Vitae Incorporated;(648) 879-7217;02.05.2012;$311.27
Stacy;16040223-4249;00059-754;Fusce.diam@sapien.ca;Chantale;Maecenas Ornare Inc.;(782) 212-2881;21.01.2010;$987.60
Tamekah;16751214-8383;17006-625;Duis.ac@ametdiam.edu;Kalia;Augue Eu PC;(389) 632-3170;17.03.2014;$933.03
Palmer;16790111-6421;78823-842;purus@lobortisquama.co.uk;Idola;Laoreet Foundation;(971) 140-2824;25.03.1975;$628.35
Zachery;16051216-2678;70600-012;Curabitur.consequat@DonecestNunc.net;Claire;Vivamus Non LLC;(470) 798-8330;14.11.1946;$851.84
Ebony;16190225-0776;20870-918;dictum.mi@in.co.uk;Adria;Ut Nisi A Incorporated;(386) 399-2286;28.01.1966;$539.60
Ryder;16120609-9598;86919-201;Mauris.nulla.Integer@eratnequenon.co.uk;April;Sit Amet Ante Inc.;(171) 149-5699;30.07.1997;$935.91
Alexander;16670509-7753;39817-360;consectetuer.adipiscing@egetmagnaSuspendisse.co.uk;Candace;Enim Curabitur Massa Limited;(960) 912-7139;21.04.1971;$631.29
Jane;16740817-7876;66466-263;tempus@liberoProinsed.org;Iola;Eu Odio Foundation;(274) 869-6689;16.07.1994;$218.85
Azalia;16920912-5765;31744-757;at.pretium.aliquet@disparturient.edu;Kai;Cras Convallis Convallis Industries;(881) 830-8979;31.10.2005;$299.38
Jarrod;16971001-1637;78863-588;et@imperdietnonvestibulum.org;Quyn;Arcu Consulting;(436) 827-9611;16.01.1952;$230.45
Clark;16290913-6802;99325-000;est.vitae.sodales@Vestibulumuteros.org;Justine;Bibendum Sed Est Associates;(585) 309-7988;22.10.1960;$881.88
Coby;16110306-0156;05779-912;Proin.velit.Sed@mauriseuelit.com;Guinevere;Nec Luctus Felis Consulting;(565) 104-8942;24.03.1928;$441.90
Nash;16470307-3835;12312-545;magna@aduiCras.com;Irene;At Limited;(591) 124-1292;12.06.1996;$771.87
Celeste;16730117-4004;58430-791;Nullam.feugiat.placerat@auctor.org;Illana;Aliquet Sem Inc.;(225) 264-6860;07.10.2000;$811.55
Merritt;16990422-5571;01807-318;mi.ac@convallisin.com;Emi;Quam Dignissim Pharetra Institute;(378) 409-5708;22.08.1961;$496.11
Constance;16450404-9687;90577-258;mauris.sapien@liberolacus.org;Tana;Cubilia Curae  Associates;(897) 651-2677;03.09.1962;$684.50
Ora;16800530-8658;97716-626;sociis.natoque@Duis.ca;Shelly;Orci Lacus Industries;(591) 124-7724;03.08.2011;$542.31
Shaine;16290210-9590;55109-012;sociis.natoque.penatibus@semperegestasurna.edu;Olivia;Mus Associates;(720) 727-0025;01.05.1954;$364.57
Zenia;16210528-5718;10495-878;mi.lacinia.mattis@lectusante.net;Roary;Nunc LLC;(541) 558-4212;21.07.1973;$456.36
Tamekah;16601113-4787;43333-198;nec.leo.Morbi@accumsan.co.uk;Isabelle;Ut Company;(963) 652-7475;03.05.1965;$399.35
Joseph;16550207-8743;01037-550;erat.semper@nonloremvitae.org;Aubrey;Adipiscing Fringilla Ltd;(227) 918-0214;24.03.1942;$640.92
Maya;16520117-7481;06221-464;lectus.ante.dictum@fringillami.co.uk;Glenna;Sed Industries;(605) 893-7142;06.12.1937;$652.71
Celeste;16290107-4795;64872-708;est.Mauris@enimgravida.com;Willa;Libero Dui Company;(694) 542-3560;25.07.2016;$871.41
Barry;16620628-8448;42344-945;eget.ipsum@Lorem.com;Scarlet;Neque Consulting;(797) 236-5799;28.02.1934;$967.05
Kyra;16070407-6082;85337-844;nisl.elementum.purus@Quisque.net;Uma;Massa Industries;(531) 624-3912;24.11.1926;$115.85
Ross;16210329-9091;11188-895;pharetra.sed.hendrerit@amet.net;Halla;Semper Rutrum Fusce Corp.;(948) 555-6157;10.10.2008;$664.29
Sybill;16550606-3477;15518-570;mi@quis.edu;Kessie;Non Foundation;(377) 766-4440;07.06.1939;$704.99
Jennifer;16770228-6563;12792-599;neque.venenatis@sagittis.edu;Maris;Magna A Neque Ltd;(185) 761-9904;23.07.1986;$505.59
Emily;16140518-7046;72996-056;Aliquam@malesuadafringillaest.co.uk;Maggy;Ut Eros Corporation;(731) 917-9021;18.06.2000;$600.41
Dalton;16120917-8027;76674-944;ut.nisi@rhoncusid.co.uk;Anjolie;Egestas Rhoncus Proin Ltd;(291) 421-2553;07.09.1999;$363.33
Bree;16701014-5535;58189-266;magnis.dis@eratneque.edu;Carla;Orci Ltd;(365) 114-3041;22.09.1970;$755.50
Deirdre;16811002-1287;93243-871;Aliquam@Morbisit.edu;Rhona;Leo In PC;(125) 132-1260;20.12.1958;$303.63
Grady;16720212-4504;40607-332;Mauris.non@elitdictumeu.edu;Meghan;Eu LLC;(623) 514-4302;22.11.1981;$182.61
Ginger;16391113-1526;79706-969;nunc@pedemalesuada.edu;Suki;Nec Eleifend Non LLP;(352) 498-8781;12.03.1961;$328.82
Desiree;16470805-5696;76062-035;sit.amet@molestiearcu.ca;Gwendolyn;Class Aptent LLP;(482) 615-1078;27.11.1939;$193.16
Rhea;16870310-2585;93279-071;Donec.non.justo@Nuncac.ca;Lesley;Ornare Elit Elit Consulting;(401) 656-5155;11.11.1964;$959.15
Jason;16980129-8176;62604-852;nibh.vulputate@Uttincidunt.net;Tatyana;Ac Sem Ut Corp.;(944) 590-9743;29.07.1997;$953.28
Chaim;16590130-2181;35104-297;ante.dictum.mi@aliquam.com;Natalie;Amet LLP;(248) 328-9531;05.02.1981;$954.21
Rhoda;16240413-6935;55562-955;eu.dui@consequatnec.com;Quon;Nisl Maecenas Malesuada Industries;(694) 644-2770;15.03.1963;$192.25
Jordan;16290216-0312;80349-438;imperdiet.ullamcorper.Duis@magnisdisparturient.edu;Deirdre;Mi Fringilla Consulting;(498) 932-2252;19.01.1959;$331.31
Raven;16420305-2628;63328-152;diam@turpisnonenim.com;Ayanna;Dignissim Maecenas Corporation;(205) 950-0191;24.06.2010;$784.35
Chelsea;16880114-4703;03807-213;pede@IncondimentumDonec.edu;Charde;Neque Vitae Semper LLC;(297) 545-3824;22.06.1961;$047.19
Audrey;16891209-4979;56907-870;dolor@miAliquamgravida.com;Hayley;Odio Institute;(304) 138-3352;16.11.1948;$718.56
Davis;16170915-1615;30684-472;varius.ultrices.mauris@imperdieterat.com;Hilda;Mi Duis Risus Institute;(447) 373-7213;29.01.2008;$812.54
Aphrodite;16431216-8729;53425-720;convallis@aduiCras.org;Claudia;Ut Semper LLP;(144) 226-2272;05.08.1970;$328.31
Neve;16800329-3415;22175-223;mauris.ipsum.porta@luctus.co.uk;Vanna;Accumsan Industries;(226) 135-5103;21.08.1935;$656.13
Blaine;16630825-4793;92018-111;lobortis@porttitorvulputate.org;Larissa;Mollis Nec Corporation;(321) 159-7515;07.05.1962;$292.29
Cade;16440502-3963;86700-490;tempus.mauris.erat@magnatellus.org;Tamara;Cras Institute;(813) 137-6279;13.12.1935;$095.99
Melyssa;16630705-2040;14879-907;lectus.ante@rutrum.net;Amena;Et Netus LLC;(913) 566-4792;08.05.1991;$277.97
Irene;16460301-0515;27732-102;hendrerit@laciniaatiaculis.com;Natalie;Et Ultrices Posuere Foundation;(852) 619-1555;29.08.2007;$366.35
Sigourney;16540921-3047;79241-023;magna.tellus.faucibus@magnaUt.edu;Daria;Fringilla Cursus LLC;(437) 601-1483;20.02.1932;$862.43
Tyler;16140309-9102;17583-541;ante@ultricies.org;Wendy;Vel Corporation;(446) 322-7858;02.01.1973;$328.39
Kameko;16520816-8509;74647-654;Vivamus@ametdiam.net;Wilma;Nec Corp.;(661) 973-3297;18.09.1921;$492.48
Nero;16390904-6686;89953-305;libero.Donec.consectetuer@Craspellentesque.co.uk;Lacy;Fermentum Convallis Inc.;(728) 825-8597;05.07.1975;$069.12
Hoyt;16440609-8626;43186-411;sed.tortor.Integer@consectetuerrhoncus.co.uk;Hadley;Ultrices Iaculis Odio Foundation;(364) 732-8591;05.02.1967;$291.09
Jayme;16110819-6823;62544-022;scelerisque.neque.sed@Morbineque.net;Ayanna;Metus Aliquam Erat Industries;(596) 349-6343;03.03.1945;$955.58
Paloma;16471104-7128;31342-023;Vivamus.nibh.dolor@euismodmauris.net;Odette;Libero LLP;(591) 622-8332;14.06.2014;$441.89
Ishmael;16970429-3423;24828-409;turpis@ametconsectetuer.ca;Zenaida;Amet Consectetuer Consulting;(422) 638-5962;28.11.1997;$448.71
Lysandra;16800105-7010;32864-681;In.ornare@laciniaorciconsectetuer.edu;Cheyenne;Neque Sed Sem Corp.;(335) 514-8881;19.08.1927;$234.06
Salvador;16810108-2355;11757-433;est.vitae@Suspendisse.ca;Rowan;Suscipit Est Foundation;(979) 672-1790;25.02.1955;$786.22
Jemima;16270515-0445;17269-314;augue@diam.net;Evelyn;Tortor Nunc PC;(264) 723-4057;07.09.1954;$561.07
Robin;16280102-3777;33561-491;eu.erat@atvelit.ca;Deborah;Sociis Incorporated;(260) 393-7569;22.01.2003;$395.96
Kieran;16761024-2658;97493-327;felis.purus.ac@eu.edu;Madaline;Eu Accumsan Company;(805) 643-8497;11.11.1927;$149.33
Kameko;16440622-0220;06214-242;Lorem.ipsum.dolor@inmolestietortor.org;Xaviera;Eu Eleifend Inc.;(761) 117-5934;10.03.1949;$051.43
Francis;16400616-3952;69592-231;Donec@pharetra.org;Hannah;Curabitur Sed Limited;(304) 414-4260;19.08.1989;$852.46
Vielka;16260716-8826;66172-329;aliquet.Proin.velit@venenatis.net;Karyn;Lorem Ltd;(789) 713-3790;12.09.1931;$054.51
Patricia;16190307-9125;11706-432;vestibulum.lorem.sit@acmattisvelit.ca;Carla;Ullamcorper Duis PC;(301) 817-6858;06.12.1932;$999.34
Nathan;16041210-5132;76080-783;sem.egestas.blandit@cubiliaCuraePhasellus.edu;Mari;Molestie Tortor Nibh Incorporated;(644) 936-9667;21.06.1994;$108.34
Jaime;16590916-9301;07881-540;blandit.viverra.Donec@malesuadavel.net;Kimberley;Etiam Laoreet Libero PC;(830) 807-4310;09.06.1990;$254.46
Nola;16380608-1166;15053-011;dui.Cum@mauriserateget.co.uk;Madonna;Proin Dolor Nulla Institute;(263) 961-0310;31.08.1940;$473.59
Bianca;16630129-2394;98268-501;Phasellus.libero@Crasdictum.org;Noel;Sed Eget Lacus LLC;(583) 909-2229;02.01.1948;$275.14
Avye;16861127-6869;45076-946;lorem.ipsum.sodales@Donec.net;Evelyn;Convallis Associates;(645) 746-0067;18.03.1953;$850.63
Finn;16470530-7306;68002-993;elit.dictum@lacus.ca;Lunea;Nullam Limited;(350) 122-9364;02.12.2002;$142.56
Alexis;16440820-0261;38471-117;rhoncus@velvulputateeu.net;Stacy;Ac Sem Ut LLP;(319) 121-0367;04.07.1923;$110.69
Rinah;16021124-4991;62317-398;lobortis.quis@senectusetnetus.edu;Eden;Mauris Eu Incorporated;(326) 198-7893;07.08.2011;$859.30
Marsden;16411109-4423;90197-191;imperdiet.nec@nibhDonecest.edu;Galena;Cum LLC;(868) 982-0190;07.05.1986;$479.08
Idola;16780716-2149;54355-226;consequat@velvulputate.org;Wynter;Suspendisse Eleifend Cras Corporation;(151) 431-3690;27.06.1970;$498.25
Tanisha;16790621-0781;17102-999;non@atrisusNunc.ca;Rina;Dui Foundation;(410) 416-9420;18.10.1956;$208.18
Maryam;16760620-9166;37467-314;in.lobortis@Suspendissenon.net;Tatyana;Feugiat Foundation;(141) 995-4410;10.10.1958;$226.85
David;16980901-2538;67822-997;nulla@dictumultricies.edu;Aileen;Donec LLP;(673) 320-6553;11.11.1929;$396.11
Laurel;16860314-3424;57365-627;orci.consectetuer.euismod@elitEtiamlaoreet.org;Veronica;Nunc In At Industries;(758) 273-4767;29.06.2014;$309.70
Alyssa;16900518-5443;02282-745;rutrum.magna@ultriciesligulaNullam.edu;Sara;Non Consulting;(858) 311-9559;24.11.1998;$429.57
Evan;16320214-9898;67957-005;ut@sitametluctus.edu;Latifah;Arcu Vestibulum Ante Ltd;(892) 402-7973;08.09.1957;$833.05
Alan;16811123-3212;06076-836;Nulla.eu.neque@euligula.edu;Quincy;Eget Tincidunt Dui Corporation;(944) 390-0651;23.06.1953;$933.35
Macaulay;16670105-3198;96836-031;dui.nec.urna@consequatpurusMaecenas.ca;Stacey;Vel Est Tempor Corp.;(989) 289-2236;16.07.1938;$303.18
Howard;16370614-9543;72138-694;ornare@gravida.org;Deborah;Sed Nunc Est Institute;(229) 393-2995;17.08.1923;$245.98
Kuame;16720714-5306;44631-317;per@posuereatvelit.org;Margaret;A Institute;(775) 766-7153;20.06.2016;$007.65
Nevada;16680710-6858;79847-151;malesuada@Pellentesquehabitantmorbi.com;Amelia;Lectus Ante PC;(609) 656-8998;24.10.1935;$998.73
Xavier;16141219-9364;80787-700;senectus@liberoProinmi.net;Scarlet;Magna LLP;(269) 641-0436;28.08.1943;$652.32
Jerome;16820213-0277;15252-459;amet.luctus.vulputate@magnaatortor.ca;Aspen;Consectetuer Foundation;(686) 299-3925;30.04.1941;$147.33
Carla;16890125-7173;19458-278;lobortis.ultrices.Vivamus@bibendum.org;Medge;Velit Cras Industries;(654) 283-1823;06.11.1932;$335.68
Tatyana;16580217-1263;06348-625;sit@laciniamattis.ca;Piper;Adipiscing Elit Curabitur Corporation;(113) 699-1489;09.10.1997;$838.46
Armando;16711102-2724;56387-012;sem@mollisvitaeposuere.net;Heather;Venenatis A Magna Associates;(669) 405-8988;26.02.1928;$513.28
Odette;16351001-6508;42415-654;parturient.montes.nascetur@disparturientmontes.net;Yolanda;Augue Eu PC;(399) 819-1059;03.08.1951;$048.27
Allegra;16310524-4192;42412-337;ac@tellusfaucibusleo.com;Yvonne;Nullam Ut PC;(288) 845-2977;25.04.1959;$026.28
Kerry;16310318-4986;88883-913;faucibus.id@vehicula.edu;Desiree;Lorem Ac Corporation;(505) 488-6744;27.09.1951;$828.09
Ivan;16811125-9654;89189-053;convallis@Duissitamet.org;Colette;Ullamcorper Associates;(690) 802-0528;07.07.1961;$779.45
Chaney;16060416-0200;88638-001;Integer.eu.lacus@risusInmi.edu;Charity;Tempus Scelerisque Lorem PC;(107) 250-6660;27.08.1944;$625.68
Maggie;16740421-9946;28925-660;vitae.orci.Phasellus@sollicitudinorcisem.edu;Charissa;Non LLC;(275) 198-4088;16.10.1982;$868.98
Marsden;16370620-2920;51770-380;semper.tellus@quis.org;Jessica;Sem Mollis Consulting;(307) 673-3788;28.06.1932;$800.16
Alea;16200618-1339;11305-705;augue@aauctornon.org;Beverly;Augue LLP;(709) 287-1337;01.01.1921;$842.82
Debra;16230804-5786;69231-718;Nunc.quis.arcu@parturient.edu;Freya;In Consectetuer Consulting;(163) 499-9234;23.04.1936;$265.19
Valentine;16150909-6333;35271-522;metus@Fuscediam.net;Myra;Non Incorporated;(473) 501-3864;01.05.1937;$305.69
Samantha;16450212-3658;54468-570;risus.Donec@velconvallisin.net;Taylor;Parturient Montes Nascetur Foundation;(717) 567-9203;19.09.1981;$333.04
Mollie;16901214-9838;28789-287;fermentum.fermentum@Aliquam.edu;Kevyn;Rutrum Consulting;(172) 257-2055;09.09.2011;$566.01
Keith;16820708-2424;20146-014;ac@Craseget.edu;Sandra;Erat Vel Pede Consulting;(496) 588-1636;05.08.1937;$521.52
Phillip;16310219-8813;49380-951;Fusce.fermentum.fermentum@commodo.ca;Ria;Conubia Foundation;(350) 956-3793;15.06.1924;$251.04
Raven;16391224-9681;67431-428;ipsum@estvitaesodales.ca;Cameran;Tempor Institute;(557) 792-9516;31.05.1954;$254.50
Fuller;16340221-4781;20829-012;orci.tincidunt.adipiscing@maurisMorbi.org;Alfreda;Ut Quam Corp.;(986) 608-8381;31.07.1923;$655.27
Wylie;16611115-9957;27577-160;egestas.nunc.sed@afacilisisnon.com;Carolyn;Donec Est Nunc Corp.;(568) 545-1849;21.11.1965;$699.13
Sasha;16440128-8305;18261-993;ut.quam@eu.co.uk;Kiara;Arcu Iaculis Institute;(112) 685-0096;30.01.2000;$698.54
Bertha;16620207-8876;88741-695;auctor.velit@euismod.ca;Blaine;Eros Proin Company;(588) 236-2421;10.04.1921;$064.77
Thaddeus;16600912-8239;32407-684;lectus@esttempor.edu;Taylor;Luctus Aliquet Odio Inc.;(625) 381-7678;04.05.1994;$729.69
Wynter;16740423-9985;63867-925;neque.Nullam@Maecenasornareegestas.co.uk;Veronica;Aliquam Adipiscing Incorporated;(636) 473-2801;31.03.1935;$591.99
Hanae;16790803-2738;08985-619;amet.consectetuer@sitametlorem.ca;Sarah;Quis Limited;(155) 643-0320;23.03.1939;$581.98
Nora;16320129-9033;20871-162;augue@Aliquamnec.net;Dorothy;Eu LLC;(491) 345-9974;19.09.1979;$190.95
Emerson;16200712-5277;09066-743;dui@utpellentesque.ca;Jaquelyn;Sit Institute;(694) 903-9978;29.05.1982;$556.27
Anjolie;16570522-2908;06612-985;fringilla.mi.lacinia@metusInnec.edu;Shannon;Nulla Dignissim Maecenas Associates;(198) 574-9987;20.02.2003;$370.65
Fay;16240807-5402;26220-726;facilisis.magna@Quisquelibero.edu;Cleo;Lobortis Inc.;(462) 430-3779;24.10.1925;$265.01
Cyrus;16520825-3574;57602-448;nunc@ultricies.ca;Guinevere;Leo Morbi Limited;(310) 375-6828;07.11.1928;$41.01
Alexander;16931221-9133;16353-849;inceptos@tellusAeneanegestas.net;Ainsley;Rhoncus Donec Est Industries;(697) 168-6461;29.04.1970;$894.59
Yetta;16600711-9610;95736-243;vulputate.eu@molestietellusAenean.edu;Jennifer;Aenean Industries;(115) 642-2158;15.03.1939;$516.29
TaShya;16560801-5987;82902-361;nec.luctus@risusQuisquelibero.net;Anastasia;Pede Blandit Industries;(375) 216-8993;18.11.1948;$594.79
Camille;16200608-7700;15100-820;Proin.vel@nisiCumsociis.net;Rowan;Libero Foundation;(160) 639-3475;28.05.2009;$040.58
Alma;16600409-5151;80961-854;malesuada.vel@a.net;Ainsley;Dolor Dolor PC;(113) 856-2180;07.03.1931;$773.41
Ora;16980427-1436;61686-884;lectus@gravida.ca;Flavia;Nam Nulla Magna Associates;(602) 484-9747;26.07.1932;$126.09
Moses;16090729-9762;20787-775;viverra@Phasellus.net;Nola;Vehicula Associates;(143) 151-9737;17.09.1987;$499.76
Illana;16551202-1899;44223-852;Integer.vitae@nisimagna.edu;Cynthia;Blandit Consulting;(619) 712-1781;05.11.1947;$515.05
Michelle;16320529-5300;98828-504;facilisis@nequeNullam.com;Candace;Ut Sagittis Lobortis Institute;(665) 113-5162;13.04.1994;$856.07
Chester;16411021-6449;11778-878;a@luctusut.org;Amy;Sapien Associates;(543) 951-3641;12.03.2012;$672.21
Macaulay;16490419-0594;92734-456;Sed.malesuada@enim.edu;Sierra;Fermentum Arcu Vestibulum LLC;(986) 174-6169;05.10.1949;$445.78
Maya;16210810-1276;27282-456;nisl.Nulla.eu@malesuadavel.net;Karina;Ac Limited;(249) 971-4599;25.12.2009;$546.85
Blossom;16350626-0466;43498-131;ligula.Aliquam@nequeInornare.ca;Amanda;Et Eros Proin Corporation;(752) 840-8639;22.11.1973;$469.40
Mannix;16371223-5955;60430-360;in.magna.Phasellus@enimconsequat.ca;Montana;Eu Elit Nulla Institute;(247) 138-9449;29.06.2001;$214.51
Rhiannon;16361004-0093;80143-233;mollis.Phasellus.libero@nec.net;Shay;Sed Malesuada Limited;(273) 533-3964;23.05.1984;$724.12
Roary;16881206-8768;78492-605;quis.lectus.Nullam@diam.org;McKenzie;Eu Ligula Aenean LLC;(822) 101-0702;13.11.2000;$165.53
Colton;16300504-8636;58614-092;lorem.ac@sagittisaugueeu.ca;Nicole;A Neque Corporation;(210) 226-1836;15.05.1926;$940.42
Myra;16060701-0345;75472-378;Integer.aliquam.adipiscing@duiSuspendisse.net;Naida;Cras Vulputate Company;(433) 348-4794;27.06.1976;$495.38
Clare;16930127-3042;28201-613;tincidunt@inconsectetuer.net;Vera;Nunc Ullamcorper PC;(275) 399-5316;06.07.1958;$823.85
Whilemina;16770803-6236;43768-925;eu.enim@rhoncus.co.uk;Inez;Dignissim Lacus PC;(832) 553-4412;07.12.1960;$655.28
Illana;16410319-5550;23824-433;neque.vitae.semper@risus.org;Odette;Dictum Mi Associates;(376) 621-0118;01.07.1932;$834.56
Miranda;16641215-7304;79605-280;quis.tristique@mollisnon.com;Anne;Quam Corp.;(887) 978-8616;09.03.1965;$414.04
Joan;16721215-0150;48468-659;Praesent.interdum@turpisegestas.co.uk;Keiko;Ultrices Incorporated;(782) 552-2261;27.12.2010;$595.57
Zephania;16200727-1170;27364-811;In.tincidunt.congue@iaculisenimsit.org;Beatrice;Aliquam Eros Company;(305) 854-6118;21.04.2009;$631.67
Aline;16250620-9978;02575-460;magna.Nam@Proin.ca;Debra;Augue Id Ante Ltd;(933) 190-4155;19.12.1947;$800.55
Yael;16460630-3594;90704-076;cursus.et@eu.org;Meghan;Metus In Industries;(349) 374-5728;28.09.1939;$640.30
Stone;16210327-7808;94324-465;nascetur.ridiculus.mus@aodio.ca;Lacota;Eu Incorporated;(690) 967-6906;25.11.1963;$271.60
Raymond;16280719-5421;19546-683;mi.lacinia.mattis@elementumsemvitae.net;Kendall;Mus Donec LLC;(182) 665-5932;14.06.1991;$31.17
Jacob;16190927-9398;41282-127;convallis.erat.eget@Inornare.co.uk;Jamalia;Luctus Ut Corp.;(901) 434-5043;17.05.2001;$586.33
Zelenia;16321122-7735;66544-408;natoque.penatibus.et@quamdignissimpharetra.org;Stacy;Ultrices Sit PC;(372) 545-2341;05.11.2002;$069.48
Ursula;16741129-2241;57992-597;et.magnis@est.org;Hermione;Amet PC;(642) 674-8662;05.05.1925;$958.02
Hedwig;16230104-6492;47456-429;mi.tempor.lorem@lectus.org;Ivana;Sed Est Industries;(585) 557-8404;15.07.1939;$141.45
Marsden;16960311-5271;61750-702;consectetuer.adipiscing.elit@sapiencursusin.com;Alfreda;Vulputate Dui Industries;(946) 527-7562;31.05.1979;$849.48
Quin;16621120-0792;79142-805;rhoncus@anteNuncmauris.co.uk;Hanae;Placerat Orci Associates;(613) 638-7292;24.01.1931;$592.34
Kendall;16810902-5604;55143-620;Nunc@est.org;Ocean;Proin Dolor LLP;(729) 507-3424;26.07.1935;$403.82
Skyler;16480126-9889;89887-824;Integer.eu.lacus@lectuspedeultrices.ca;Carolyn;Molestie Institute;(638) 307-3379;22.08.1993;$839.10
Hammett;16390321-2839;22656-620;sagittis.felis@vel.org;Martena;Mauris Eu Elit PC;(579) 220-2297;28.04.1935;$441.51
Brenden;16731110-2870;38649-114;Aliquam.gravida@et.co.uk;Galena;Donec Corporation;(277) 463-4283;10.01.1923;$726.41
Elizabeth;16380321-7243;35086-179;luctus@vehiculaet.com;Jacqueline;Donec Est Nunc Institute;(923) 625-3867;26.12.1951;$465.34
Dieter;16180129-3091;73584-552;sociosqu.ad.litora@molestiearcu.ca;Jacqueline;Urna Justo Faucibus Corp.;(216) 385-8097;26.07.1951;$956.72
Casey;16320108-0896;19171-708;vitae.mauris.sit@ac.co.uk;Isabella;Metus Aliquam Erat Ltd;(519) 262-9056;21.12.1928;$974.66
Henry;16000612-8300;80120-772;natoque.penatibus.et@dictumcursusNunc.org;Xandra;Tellus LLP;(660) 412-7407;07.06.1973;$775.19
Aimee;16330125-8459;70350-249;nec.orci@Aenean.com;Brooke;Curabitur Sed Tortor Foundation;(573) 413-7648;23.02.1980;$273.77
Wylie;16680711-7186;60080-094;amet.diam@dui.co.uk;Rhea;At Nisi LLC;(551) 545-4969;25.07.1992;$359.01
Moses;16750609-6903;79464-352;accumsan@posuere.com;Aileen;Semper Corporation;(705) 328-5865;01.07.1998;$141.10
Kiona;16811210-1046;32299-488;elementum.purus@neque.com;Christen;Mi Pede Associates;(840) 942-2451;21.04.1962;$645.32
Fritz;16891120-9834;35382-954;ullamcorper@Donecelementumlorem.org;Marcia;Sollicitudin A Malesuada Inc.;(647) 940-4161;16.05.1973;$330.22
Allegra;16361019-2662;48692-010;Curabitur@gravida.ca;Ora;Odio Sagittis Semper LLP;(722) 310-3511;04.10.1979;$932.00
Hayley;16580219-3259;23729-923;nisi.Cum.sociis@eu.org;Sybil;Quam Vel Consulting;(981) 189-6600;20.05.1983;$506.42
Leilani;16630209-2173;60566-099;ornare.lectus@dolorDonec.co.uk;Daria;Curabitur Egestas Nunc Consulting;(795) 659-3131;14.11.2015;$951.68
Victor;16741108-5207;90856-999;tellus@ligula.com;Madeline;Elementum Purus Ltd;(138) 882-2565;20.10.1940;$777.66
Elizabeth;16800908-1459;62833-196;laoreet.ipsum@tinciduntadipiscingMauris.edu;Jayme;Cras Industries;(661) 262-5402;10.03.1963;$108.03
Sharon;16740806-5386;17777-652;nec@augue.org;Beverly;Libero Nec Ligula Associates;(429) 764-7567;12.05.1962;$865.35
Freya;16021009-7085;32538-703;semper@Proin.co.uk;Martena;Eget Company;(418) 715-7245;24.10.1932;$775.15
Bell;16950321-9090;98329-195;mollis.lectus.pede@aliquetmolestie.com;Joy;Egestas PC;(998) 753-8754;11.11.1973;$372.25
Logan;16160607-9646;15580-972;et.rutrum.non@sociisnatoquepenatibus.ca;Constance;Egestas Limited;(825) 475-2660;14.06.1980;$811.58
Quin;16810325-6734;73793-112;pede.Cum.sociis@ridiculusmus.ca;Hedy;Nulla PC;(301) 909-3376;09.02.1979;$362.81
Jane;16831004-1168;22578-496;orci.Donec.nibh@massarutrummagna.net;Aimee;Accumsan Institute;(982) 825-8641;04.06.2007;$826.66
Cara;16661126-5742;39766-871;magna.Suspendisse.tristique@Aliquamvulputate.org;Florence;Cursus Nunc PC;(825) 408-2197;07.02.1928;$486.27
Velma;16351011-5714;95831-883;Phasellus.dapibus.quam@dictumauguemalesuada.net;Shelley;Id Mollis Limited;(639) 463-1919;03.09.1995;$140.00
Mira;16470528-5825;82378-683;In.tincidunt.congue@vulputatedui.org;Abigail;Cubilia Curae  Industries;(399) 708-0183;04.08.1922;$150.01
Rigel;16350409-7886;19909-054;molestie.tortor@sem.com;Keiko;Et Incorporated;(857) 884-8535;02.07.1994;$706.52
Kimberly;16010522-4778;19823-705;enim.Sed@turpisnonenim.net;Miranda;Orci Company;(432) 708-3611;17.06.1947;$390.91
Mari;16890813-3062;03483-440;nec.urna@dui.com;Ifeoma;Eleifend Nec Malesuada Corp.;(186) 937-9626;08.06.1991;$381.86
Davis;16681125-2797;56407-623;convallis@at.edu;Rinah;Dolor Nonummy Ac Consulting;(514) 280-8146;19.12.1940;$507.99
Baxter;16120910-5087;05995-431;sed@DuisgravidaPraesent.com;Ann;Molestie Sodales Institute;(886) 436-4568;21.10.1978;$455.01
Rinah;16661001-1576;86440-743;tincidunt.congue.turpis@feugiat.com;Dahlia;Tortor Foundation;(315) 121-9360;03.10.1971;$382.41
